{
    "src": "demo.png",
    "units": [
        {
            "model_type": "0",
            "x1": 0.4116161616161616,
            "y1": 0.37392795883361923,
            "x2": 0.6477272727272727,
            "y2": 0.41509433962264153
        },
        {
            "model_type": "0",
            "x1": 0.4116161616161616,
            "y1": 0.48027444253859347,
            "x2": 0.6464646464646465,
            "y2": 0.5197255574614065
        },
        {
            "model_type": "0",
            "x1": 0.07828282828282829,
            "y1": 0.5900514579759862,
            "x2": 0.23737373737373738,
            "y2": 0.6243567753001715
        }
    ]
}